[{
    "model": "admin.logentry",
    "pk": 1,
    "fields": {
        "action_time": "2021-10-01T11:14:57.843Z",
        "user": 1,
        "content_type": 7,
        "object_id": "1",
        "object_repr": "baby.example.com",
        "action_flag": 2,
        "change_message": "[{\"changed\": {\"fields\": [\"Domain name\", \"Display name\"]}}]"
    }
}, {
    "model": "admin.logentry",
    "pk": 2,
    "fields": {
        "action_time": "2021-10-01T11:26:38.701Z",
        "user": 1,
        "content_type": 8,
        "object_id": "1",
        "object_repr": "mgmoesker@gmail.com",
        "action_flag": 2,
        "change_message": "[{\"changed\": {\"fields\": [\"Verified\", \"Primary\"]}}]"
    }
}, {
    "model": "admin.logentry",
    "pk": 3,
    "fields": {
        "action_time": "2021-10-02T22:26:20.123Z",
        "user": 1,
        "content_type": 8,
        "object_id": "1",
        "object_repr": "mgmoesker@gmail.com",
        "action_flag": 1,
        "change_message": "[{\"added\": {}}]"
    }
}, {
    "model": "admin.logentry",
    "pk": 4,
    "fields": {
        "action_time": "2021-10-04T14:50:26.516Z",
        "user": 1,
        "content_type": 13,
        "object_id": "1",
        "object_repr": "sale",
        "action_flag": 1,
        "change_message": "[{\"added\": {}}]"
    }
}, {
    "model": "admin.logentry",
    "pk": 5,
    "fields": {
        "action_time": "2021-10-04T14:50:40.993Z",
        "user": 1,
        "content_type": 13,
        "object_id": "2",
        "object_repr": "new_arrivals",
        "action_flag": 1,
        "change_message": "[{\"added\": {}}]"
    }
}, {
    "model": "admin.logentry",
    "pk": 6,
    "fields": {
        "action_time": "2021-10-04T14:51:06.197Z",
        "user": 1,
        "content_type": 13,
        "object_id": "3",
        "object_repr": "onesies",
        "action_flag": 1,
        "change_message": "[{\"added\": {}}]"
    }
}, {
    "model": "admin.logentry",
    "pk": 7,
    "fields": {
        "action_time": "2021-10-04T14:51:23.171Z",
        "user": 1,
        "content_type": 13,
        "object_id": "4",
        "object_repr": "top",
        "action_flag": 1,
        "change_message": "[{\"added\": {}}]"
    }
}, {
    "model": "admin.logentry",
    "pk": 8,
    "fields": {
        "action_time": "2021-10-04T14:51:31.488Z",
        "user": 1,
        "content_type": 13,
        "object_id": "5",
        "object_repr": "bottom",
        "action_flag": 1,
        "change_message": "[{\"added\": {}}]"
    }
}, {
    "model": "admin.logentry",
    "pk": 9,
    "fields": {
        "action_time": "2021-10-04T14:51:49.079Z",
        "user": 1,
        "content_type": 13,
        "object_id": "6",
        "object_repr": "outfits",
        "action_flag": 1,
        "change_message": "[{\"added\": {}}]"
    }
}, {
    "model": "admin.logentry",
    "pk": 10,
    "fields": {
        "action_time": "2021-10-04T14:56:07.031Z",
        "user": 1,
        "content_type": 13,
        "object_id": "4",
        "object_repr": "tops",
        "action_flag": 2,
        "change_message": "[{\"changed\": {\"fields\": [\"Name\", \"Friendly name\"]}}]"
    }
}, {
    "model": "admin.logentry",
    "pk": 11,
    "fields": {
        "action_time": "2021-10-04T14:56:13.530Z",
        "user": 1,
        "content_type": 13,
        "object_id": "5",
        "object_repr": "bottoms",
        "action_flag": 2,
        "change_message": "[{\"changed\": {\"fields\": [\"Name\", \"Friendly name\"]}}]"
    }
}, {
    "model": "admin.logentry",
    "pk": 12,
    "fields": {
        "action_time": "2021-10-04T14:57:11.269Z",
        "user": 1,
        "content_type": 13,
        "object_id": "7",
        "object_repr": "dresses",
        "action_flag": 1,
        "change_message": "[{\"added\": {}}]"
    }
}, {
    "model": "admin.logentry",
    "pk": 13,
    "fields": {
        "action_time": "2021-10-04T15:34:09.610Z",
        "user": 1,
        "content_type": 14,
        "object_id": "1",
        "object_repr": "Onesie",
        "action_flag": 1,
        "change_message": "[{\"added\": {}}]"
    }
}, {
    "model": "admin.logentry",
    "pk": 14,
    "fields": {
        "action_time": "2021-10-06T13:15:37.222Z",
        "user": 1,
        "content_type": 14,
        "object_id": "2",
        "object_repr": "Dress",
        "action_flag": 1,
        "change_message": "[{\"added\": {}}]"
    }
}, {
    "model": "admin.logentry",
    "pk": 15,
    "fields": {
        "action_time": "2021-10-06T13:18:54.779Z",
        "user": 1,
        "content_type": 14,
        "object_id": "2",
        "object_repr": "Dress",
        "action_flag": 3,
        "change_message": ""
    }
}, {
    "model": "admin.logentry",
    "pk": 16,
    "fields": {
        "action_time": "2021-10-06T13:20:22.682Z",
        "user": 1,
        "content_type": 14,
        "object_id": "3",
        "object_repr": "Dress",
        "action_flag": 1,
        "change_message": "[{\"added\": {}}]"
    }
}, {
    "model": "admin.logentry",
    "pk": 17,
    "fields": {
        "action_time": "2021-10-06T13:20:56.160Z",
        "user": 1,
        "content_type": 14,
        "object_id": "3",
        "object_repr": "Dress",
        "action_flag": 2,
        "change_message": "[{\"changed\": {\"fields\": [\"Image\"]}}]"
    }
}, {
    "model": "admin.logentry",
    "pk": 18,
    "fields": {
        "action_time": "2021-10-06T13:30:58.795Z",
        "user": 1,
        "content_type": 14,
        "object_id": "4",
        "object_repr": "Onesie",
        "action_flag": 1,
        "change_message": "[{\"added\": {}}]"
    }
}, {
    "model": "admin.logentry",
    "pk": 19,
    "fields": {
        "action_time": "2021-10-06T13:31:28.337Z",
        "user": 1,
        "content_type": 14,
        "object_id": "1",
        "object_repr": "Onesie",
        "action_flag": 2,
        "change_message": "[{\"changed\": {\"fields\": [\"Sku\"]}}]"
    }
}, {
    "model": "admin.logentry",
    "pk": 20,
    "fields": {
        "action_time": "2021-10-06T13:32:53.786Z",
        "user": 1,
        "content_type": 14,
        "object_id": "5",
        "object_repr": "Onesie",
        "action_flag": 1,
        "change_message": "[{\"added\": {}}]"
    }
}, {
    "model": "admin.logentry",
    "pk": 21,
    "fields": {
        "action_time": "2021-10-06T13:32:59.664Z",
        "user": 1,
        "content_type": 14,
        "object_id": "4",
        "object_repr": "Onesie",
        "action_flag": 3,
        "change_message": ""
    }
}, {
    "model": "admin.logentry",
    "pk": 22,
    "fields": {
        "action_time": "2021-10-06T15:46:54.301Z",
        "user": 1,
        "content_type": 14,
        "object_id": "6",
        "object_repr": "Onesie with pants",
        "action_flag": 1,
        "change_message": "[{\"added\": {}}]"
    }
}, {
    "model": "admin.logentry",
    "pk": 23,
    "fields": {
        "action_time": "2021-10-06T15:54:20.383Z",
        "user": 1,
        "content_type": 13,
        "object_id": "8",
        "object_repr": "0_6_m",
        "action_flag": 1,
        "change_message": "[{\"added\": {}}]"
    }
}, {
    "model": "admin.logentry",
    "pk": 24,
    "fields": {
        "action_time": "2021-10-06T15:55:25.063Z",
        "user": 1,
        "content_type": 13,
        "object_id": "8",
        "object_repr": "0_6_m",
        "action_flag": 3,
        "change_message": ""
    }
}, {
    "model": "admin.logentry",
    "pk": 25,
    "fields": {
        "action_time": "2021-10-06T16:03:41.512Z",
        "user": 1,
        "content_type": 14,
        "object_id": "7",
        "object_repr": "T-shirt and jeans",
        "action_flag": 1,
        "change_message": "[{\"added\": {}}]"
    }
}, {
    "model": "admin.logentry",
    "pk": 26,
    "fields": {
        "action_time": "2021-10-06T16:21:45.096Z",
        "user": 1,
        "content_type": 14,
        "object_id": "7",
        "object_repr": "T-shirt and jeans",
        "action_flag": 2,
        "change_message": "[{\"changed\": {\"fields\": [\"Sku\"]}}]"
    }
}, {
    "model": "admin.logentry",
    "pk": 27,
    "fields": {
        "action_time": "2021-10-06T16:21:58.280Z",
        "user": 1,
        "content_type": 14,
        "object_id": "6",
        "object_repr": "Onesie with pants",
        "action_flag": 2,
        "change_message": "[{\"changed\": {\"fields\": [\"Sku\"]}}]"
    }
}, {
    "model": "admin.logentry",
    "pk": 28,
    "fields": {
        "action_time": "2021-10-06T16:22:21.606Z",
        "user": 1,
        "content_type": 14,
        "object_id": "3",
        "object_repr": "Dress",
        "action_flag": 2,
        "change_message": "[{\"changed\": {\"fields\": [\"Sku\"]}}]"
    }
}, {
    "model": "admin.logentry",
    "pk": 29,
    "fields": {
        "action_time": "2021-10-06T16:22:27.914Z",
        "user": 1,
        "content_type": 14,
        "object_id": "5",
        "object_repr": "Onesie",
        "action_flag": 2,
        "change_message": "[{\"changed\": {\"fields\": [\"Sku\"]}}]"
    }
}, {
    "model": "admin.logentry",
    "pk": 30,
    "fields": {
        "action_time": "2021-10-06T16:22:50.439Z",
        "user": 1,
        "content_type": 14,
        "object_id": "1",
        "object_repr": "Onesie",
        "action_flag": 2,
        "change_message": "[{\"changed\": {\"fields\": [\"Sku\"]}}]"
    }
}, {
    "model": "admin.logentry",
    "pk": 31,
    "fields": {
        "action_time": "2021-10-06T16:25:35.914Z",
        "user": 1,
        "content_type": 14,
        "object_id": "3",
        "object_repr": "Dress",
        "action_flag": 2,
        "change_message": "[{\"changed\": {\"fields\": [\"Sku\", \"Description\"]}}]"
    }
}, {
    "model": "admin.logentry",
    "pk": 32,
    "fields": {
        "action_time": "2021-10-06T16:29:37.991Z",
        "user": 1,
        "content_type": 14,
        "object_id": "8",
        "object_repr": "T-shirt",
        "action_flag": 1,
        "change_message": "[{\"added\": {}}]"
    }
}, {
    "model": "admin.logentry",
    "pk": 33,
    "fields": {
        "action_time": "2021-10-06T16:29:58.214Z",
        "user": 1,
        "content_type": 14,
        "object_id": "7",
        "object_repr": "T-shirt with jeans",
        "action_flag": 2,
        "change_message": "[{\"changed\": {\"fields\": [\"Name\"]}}]"
    }
}, {
    "model": "admin.logentry",
    "pk": 34,
    "fields": {
        "action_time": "2021-10-06T16:36:34.770Z",
        "user": 1,
        "content_type": 14,
        "object_id": "9",
        "object_repr": "Bear pyjama",
        "action_flag": 1,
        "change_message": "[{\"added\": {}}]"
    }
}, {
    "model": "admin.logentry",
    "pk": 35,
    "fields": {
        "action_time": "2021-10-06T16:37:11.529Z",
        "user": 1,
        "content_type": 14,
        "object_id": "9",
        "object_repr": "Pyjama Panda",
        "action_flag": 2,
        "change_message": "[{\"changed\": {\"fields\": [\"Name\"]}}]"
    }
}, {
    "model": "admin.logentry",
    "pk": 36,
    "fields": {
        "action_time": "2021-10-06T16:37:31.543Z",
        "user": 1,
        "content_type": 14,
        "object_id": "7",
        "object_repr": "T-shirt with Jeans",
        "action_flag": 2,
        "change_message": "[{\"changed\": {\"fields\": [\"Name\"]}}]"
    }
}, {
    "model": "admin.logentry",
    "pk": 37,
    "fields": {
        "action_time": "2021-10-06T16:37:40.168Z",
        "user": 1,
        "content_type": 14,
        "object_id": "6",
        "object_repr": "Onesie with Pants",
        "action_flag": 2,
        "change_message": "[{\"changed\": {\"fields\": [\"Name\"]}}]"
    }
}, {
    "model": "admin.logentry",
    "pk": 38,
    "fields": {
        "action_time": "2021-10-06T16:38:38.037Z",
        "user": 1,
        "content_type": 14,
        "object_id": "6",
        "object_repr": "Outfit; onesie with pants",
        "action_flag": 2,
        "change_message": "[{\"changed\": {\"fields\": [\"Name\"]}}]"
    }
}, {
    "model": "admin.logentry",
    "pk": 39,
    "fields": {
        "action_time": "2021-10-06T16:38:53.726Z",
        "user": 1,
        "content_type": 14,
        "object_id": "7",
        "object_repr": "Outfit; t-shirt with jeans",
        "action_flag": 2,
        "change_message": "[{\"changed\": {\"fields\": [\"Name\"]}}]"
    }
}, {
    "model": "admin.logentry",
    "pk": 40,
    "fields": {
        "action_time": "2021-10-06T16:39:09.454Z",
        "user": 1,
        "content_type": 14,
        "object_id": "9",
        "object_repr": "Outfits; pyjama panda",
        "action_flag": 2,
        "change_message": "[{\"changed\": {\"fields\": [\"Name\"]}}]"
    }
}, {
    "model": "admin.logentry",
    "pk": 41,
    "fields": {
        "action_time": "2021-10-06T16:39:22.487Z",
        "user": 1,
        "content_type": 14,
        "object_id": "9",
        "object_repr": "Outfit; pyjama panda",
        "action_flag": 2,
        "change_message": "[{\"changed\": {\"fields\": [\"Name\"]}}]"
    }
}, {
    "model": "admin.logentry",
    "pk": 42,
    "fields": {
        "action_time": "2021-10-06T16:44:25.878Z",
        "user": 1,
        "content_type": 14,
        "object_id": "10",
        "object_repr": "Onesie",
        "action_flag": 1,
        "change_message": "[{\"added\": {}}]"
    }
}, {
    "model": "admin.logentry",
    "pk": 43,
    "fields": {
        "action_time": "2021-10-06T17:14:59.456Z",
        "user": 1,
        "content_type": 14,
        "object_id": "11",
        "object_repr": "Vest",
        "action_flag": 1,
        "change_message": "[{\"added\": {}}]"
    }
}, {
    "model": "admin.logentry",
    "pk": 44,
    "fields": {
        "action_time": "2021-10-06T17:23:39.790Z",
        "user": 1,
        "content_type": 14,
        "object_id": "12",
        "object_repr": "Jacket",
        "action_flag": 1,
        "change_message": "[{\"added\": {}}]"
    }
}, {
    "model": "admin.logentry",
    "pk": 45,
    "fields": {
        "action_time": "2021-10-06T17:24:03.442Z",
        "user": 1,
        "content_type": 14,
        "object_id": "12",
        "object_repr": "Jacket",
        "action_flag": 3,
        "change_message": ""
    }
}, {
    "model": "admin.logentry",
    "pk": 46,
    "fields": {
        "action_time": "2021-10-06T17:25:35.982Z",
        "user": 1,
        "content_type": 14,
        "object_id": "13",
        "object_repr": "Jacket",
        "action_flag": 1,
        "change_message": "[{\"added\": {}}]"
    }
}, {
    "model": "admin.logentry",
    "pk": 47,
    "fields": {
        "action_time": "2021-10-06T17:30:56.007Z",
        "user": 1,
        "content_type": 14,
        "object_id": "14",
        "object_repr": "Sweater",
        "action_flag": 1,
        "change_message": "[{\"added\": {}}]"
    }
}, {
    "model": "admin.logentry",
    "pk": 48,
    "fields": {
        "action_time": "2021-10-06T17:44:47.100Z",
        "user": 1,
        "content_type": 14,
        "object_id": "15",
        "object_repr": "Pyjama",
        "action_flag": 1,
        "change_message": "[{\"added\": {}}]"
    }
}, {
    "model": "admin.logentry",
    "pk": 49,
    "fields": {
        "action_time": "2021-10-06T17:51:46.743Z",
        "user": 1,
        "content_type": 14,
        "object_id": "16",
        "object_repr": "Pants",
        "action_flag": 1,
        "change_message": "[{\"added\": {}}]"
    }
}, {
    "model": "admin.logentry",
    "pk": 50,
    "fields": {
        "action_time": "2021-10-06T18:40:47.117Z",
        "user": 1,
        "content_type": 14,
        "object_id": "17",
        "object_repr": "Onesie",
        "action_flag": 1,
        "change_message": "[{\"added\": {}}]"
    }
}, {
    "model": "admin.logentry",
    "pk": 51,
    "fields": {
        "action_time": "2021-10-06T20:12:22.156Z",
        "user": 1,
        "content_type": 14,
        "object_id": "13",
        "object_repr": "Coat",
        "action_flag": 2,
        "change_message": "[{\"changed\": {\"fields\": [\"Name\"]}}]"
    }
}, {
    "model": "admin.logentry",
    "pk": 52,
    "fields": {
        "action_time": "2021-10-06T20:22:36.830Z",
        "user": 1,
        "content_type": 14,
        "object_id": "18",
        "object_repr": "Dress",
        "action_flag": 1,
        "change_message": "[{\"added\": {}}]"
    }
}, {
    "model": "admin.logentry",
    "pk": 53,
    "fields": {
        "action_time": "2021-10-06T20:24:30.688Z",
        "user": 1,
        "content_type": 14,
        "object_id": "17",
        "object_repr": "Onesie",
        "action_flag": 2,
        "change_message": "[{\"changed\": {\"fields\": [\"Description\"]}}]"
    }
}, {
    "model": "admin.logentry",
    "pk": 54,
    "fields": {
        "action_time": "2021-10-06T20:34:23.666Z",
        "user": 1,
        "content_type": 14,
        "object_id": "19",
        "object_repr": "Onesie",
        "action_flag": 1,
        "change_message": "[{\"added\": {}}]"
    }
}, {
    "model": "admin.logentry",
    "pk": 55,
    "fields": {
        "action_time": "2021-10-06T20:36:10.163Z",
        "user": 1,
        "content_type": 14,
        "object_id": "20",
        "object_repr": "Onesie",
        "action_flag": 1,
        "change_message": "[{\"added\": {}}]"
    }
}, {
    "model": "admin.logentry",
    "pk": 56,
    "fields": {
        "action_time": "2021-10-06T20:37:24.708Z",
        "user": 1,
        "content_type": 14,
        "object_id": "20",
        "object_repr": "Onesie",
        "action_flag": 2,
        "change_message": "[{\"changed\": {\"fields\": [\"Review\"]}}]"
    }
}, {
    "model": "admin.logentry",
    "pk": 57,
    "fields": {
        "action_time": "2021-10-06T20:37:32.657Z",
        "user": 1,
        "content_type": 14,
        "object_id": "15",
        "object_repr": "Pyjama",
        "action_flag": 2,
        "change_message": "[{\"changed\": {\"fields\": [\"Review\"]}}]"
    }
}, {
    "model": "admin.logentry",
    "pk": 58,
    "fields": {
        "action_time": "2021-10-06T20:37:51.736Z",
        "user": 1,
        "content_type": 14,
        "object_id": "19",
        "object_repr": "Onesie",
        "action_flag": 2,
        "change_message": "[{\"changed\": {\"fields\": [\"Review\"]}}]"
    }
}, {
    "model": "admin.logentry",
    "pk": 59,
    "fields": {
        "action_time": "2021-10-06T20:40:10.793Z",
        "user": 1,
        "content_type": 14,
        "object_id": "21",
        "object_repr": "Onesie",
        "action_flag": 1,
        "change_message": "[{\"added\": {}}]"
    }
}, {
    "model": "admin.logentry",
    "pk": 60,
    "fields": {
        "action_time": "2021-10-06T20:45:12.632Z",
        "user": 1,
        "content_type": 14,
        "object_id": "22",
        "object_repr": "Outfit; shirt with pants",
        "action_flag": 1,
        "change_message": "[{\"added\": {}}]"
    }
}, {
    "model": "admin.logentry",
    "pk": 61,
    "fields": {
        "action_time": "2021-10-06T20:49:32.175Z",
        "user": 1,
        "content_type": 14,
        "object_id": "23",
        "object_repr": "Outfit; t-shirt with jeans",
        "action_flag": 1,
        "change_message": "[{\"added\": {}}]"
    }
}, {
    "model": "admin.logentry",
    "pk": 62,
    "fields": {
        "action_time": "2021-10-06T20:54:23.247Z",
        "user": 1,
        "content_type": 14,
        "object_id": "24",
        "object_repr": "Vest",
        "action_flag": 1,
        "change_message": "[{\"added\": {}}]"
    }
}, {
    "model": "admin.logentry",
    "pk": 63,
    "fields": {
        "action_time": "2021-10-06T21:01:49.614Z",
        "user": 1,
        "content_type": 14,
        "object_id": "25",
        "object_repr": "Sweater",
        "action_flag": 1,
        "change_message": "[{\"added\": {}}]"
    }
}, {
    "model": "admin.logentry",
    "pk": 64,
    "fields": {
        "action_time": "2021-10-06T21:07:47.809Z",
        "user": 1,
        "content_type": 14,
        "object_id": "26",
        "object_repr": "Dress",
        "action_flag": 1,
        "change_message": "[{\"added\": {}}]"
    }
}, {
    "model": "admin.logentry",
    "pk": 65,
    "fields": {
        "action_time": "2021-10-06T21:17:23.230Z",
        "user": 1,
        "content_type": 14,
        "object_id": "27",
        "object_repr": "Hoody",
        "action_flag": 1,
        "change_message": "[{\"added\": {}}]"
    }
}, {
    "model": "admin.logentry",
    "pk": 66,
    "fields": {
        "action_time": "2021-10-06T21:27:36.794Z",
        "user": 1,
        "content_type": 14,
        "object_id": "28",
        "object_repr": "Top",
        "action_flag": 1,
        "change_message": "[{\"added\": {}}]"
    }
}, {
    "model": "admin.logentry",
    "pk": 67,
    "fields": {
        "action_time": "2021-10-06T21:31:40.623Z",
        "user": 1,
        "content_type": 14,
        "object_id": "29",
        "object_repr": "Outfit; tanktop with shorts",
        "action_flag": 1,
        "change_message": "[{\"added\": {}}]"
    }
}, {
    "model": "admin.logentry",
    "pk": 68,
    "fields": {
        "action_time": "2021-10-06T21:36:06.798Z",
        "user": 1,
        "content_type": 14,
        "object_id": "25",
        "object_repr": "Sweater",
        "action_flag": 2,
        "change_message": "[{\"changed\": {\"fields\": [\"Image\"]}}]"
    }
}, {
    "model": "admin.logentry",
    "pk": 69,
    "fields": {
        "action_time": "2021-10-06T21:36:19.010Z",
        "user": 1,
        "content_type": 14,
        "object_id": "28",
        "object_repr": "Top",
        "action_flag": 2,
        "change_message": "[{\"changed\": {\"fields\": [\"Image\"]}}]"
    }
}, {
    "model": "admin.logentry",
    "pk": 70,
    "fields": {
        "action_time": "2021-10-06T23:13:02.670Z",
        "user": 1,
        "content_type": 14,
        "object_id": "8",
        "object_repr": "T-shirt",
        "action_flag": 3,
        "change_message": ""
    }
}, {
    "model": "admin.logentry",
    "pk": 71,
    "fields": {
        "action_time": "2021-10-06T23:14:56.798Z",
        "user": 1,
        "content_type": 14,
        "object_id": "30",
        "object_repr": "T-shirt",
        "action_flag": 1,
        "change_message": "[{\"added\": {}}]"
    }
}, {
    "model": "admin.logentry",
    "pk": 72,
    "fields": {
        "action_time": "2021-10-07T16:34:37.713Z",
        "user": 1,
        "content_type": 14,
        "object_id": "26",
        "object_repr": "Dress",
        "action_flag": 2,
        "change_message": "[{\"changed\": {\"fields\": [\"Image\"]}}]"
    }
}, {
    "model": "admin.logentry",
    "pk": 73,
    "fields": {
        "action_time": "2021-10-07T16:35:23.024Z",
        "user": 1,
        "content_type": 14,
        "object_id": "18",
        "object_repr": "Dress",
        "action_flag": 2,
        "change_message": "[{\"changed\": {\"fields\": [\"Image\"]}}]"
    }
}, {
    "model": "admin.logentry",
    "pk": 74,
    "fields": {
        "action_time": "2021-10-07T16:35:47.746Z",
        "user": 1,
        "content_type": 14,
        "object_id": "15",
        "object_repr": "Pyjama",
        "action_flag": 2,
        "change_message": "[{\"changed\": {\"fields\": [\"Image\"]}}]"
    }
}, {
    "model": "admin.logentry",
    "pk": 75,
    "fields": {
        "action_time": "2021-10-07T16:36:26.938Z",
        "user": 1,
        "content_type": 14,
        "object_id": "21",
        "object_repr": "Onesie",
        "action_flag": 2,
        "change_message": "[{\"changed\": {\"fields\": [\"Image\"]}}]"
    }
}, {
    "model": "admin.logentry",
    "pk": 76,
    "fields": {
        "action_time": "2021-10-07T16:36:48.536Z",
        "user": 1,
        "content_type": 14,
        "object_id": "20",
        "object_repr": "Onesie",
        "action_flag": 2,
        "change_message": "[{\"changed\": {\"fields\": [\"Image\"]}}]"
    }
}, {
    "model": "admin.logentry",
    "pk": 77,
    "fields": {
        "action_time": "2021-10-07T16:38:10.796Z",
        "user": 1,
        "content_type": 14,
        "object_id": "22",
        "object_repr": "Outfit; shirt with pants",
        "action_flag": 2,
        "change_message": "[{\"changed\": {\"fields\": [\"Image\"]}}]"
    }
}, {
    "model": "admin.logentry",
    "pk": 78,
    "fields": {
        "action_time": "2021-10-07T16:38:36.644Z",
        "user": 1,
        "content_type": 14,
        "object_id": "5",
        "object_repr": "Onesie",
        "action_flag": 2,
        "change_message": "[{\"changed\": {\"fields\": [\"Image\"]}}]"
    }
}, {
    "model": "admin.logentry",
    "pk": 79,
    "fields": {
        "action_time": "2021-10-07T16:39:02.963Z",
        "user": 1,
        "content_type": 14,
        "object_id": "10",
        "object_repr": "Onesie",
        "action_flag": 2,
        "change_message": "[{\"changed\": {\"fields\": [\"Image\"]}}]"
    }
}, {
    "model": "admin.logentry",
    "pk": 80,
    "fields": {
        "action_time": "2021-10-07T16:39:23.145Z",
        "user": 1,
        "content_type": 14,
        "object_id": "6",
        "object_repr": "Outfit; onesie with pants",
        "action_flag": 2,
        "change_message": "[{\"changed\": {\"fields\": [\"Image\"]}}]"
    }
}, {
    "model": "admin.logentry",
    "pk": 81,
    "fields": {
        "action_time": "2021-10-07T16:39:47.489Z",
        "user": 1,
        "content_type": 14,
        "object_id": "7",
        "object_repr": "Outfit; t-shirt with jeans",
        "action_flag": 2,
        "change_message": "[{\"changed\": {\"fields\": [\"Image\"]}}]"
    }
}, {
    "model": "admin.logentry",
    "pk": 82,
    "fields": {
        "action_time": "2021-10-07T16:40:40.327Z",
        "user": 1,
        "content_type": 14,
        "object_id": "9",
        "object_repr": "Outfit; pyjama panda",
        "action_flag": 2,
        "change_message": "[{\"changed\": {\"fields\": [\"Image\"]}}]"
    }
}, {
    "model": "admin.logentry",
    "pk": 83,
    "fields": {
        "action_time": "2021-10-07T16:41:00.642Z",
        "user": 1,
        "content_type": 14,
        "object_id": "9",
        "object_repr": "Outfit; pyjama panda",
        "action_flag": 2,
        "change_message": "[{\"changed\": {\"fields\": [\"Image\"]}}]"
    }
}, {
    "model": "admin.logentry",
    "pk": 84,
    "fields": {
        "action_time": "2021-10-07T16:42:30.890Z",
        "user": 1,
        "content_type": 14,
        "object_id": "9",
        "object_repr": "Outfit; pyjama panda",
        "action_flag": 2,
        "change_message": "[{\"changed\": {\"fields\": [\"Image\"]}}]"
    }
}, {
    "model": "admin.logentry",
    "pk": 85,
    "fields": {
        "action_time": "2021-10-07T16:42:51.803Z",
        "user": 1,
        "content_type": 14,
        "object_id": "17",
        "object_repr": "Onesie",
        "action_flag": 2,
        "change_message": "[{\"changed\": {\"fields\": [\"Image\"]}}]"
    }
}, {
    "model": "admin.logentry",
    "pk": 86,
    "fields": {
        "action_time": "2021-10-07T16:43:55.629Z",
        "user": 1,
        "content_type": 14,
        "object_id": "19",
        "object_repr": "Onesie",
        "action_flag": 2,
        "change_message": "[{\"changed\": {\"fields\": [\"Image\"]}}]"
    }
}, {
    "model": "admin.logentry",
    "pk": 87,
    "fields": {
        "action_time": "2021-10-07T16:44:41.647Z",
        "user": 1,
        "content_type": 14,
        "object_id": "25",
        "object_repr": "Sweater",
        "action_flag": 2,
        "change_message": "[{\"changed\": {\"fields\": [\"Image\"]}}]"
    }
}, {
    "model": "admin.logentry",
    "pk": 88,
    "fields": {
        "action_time": "2021-10-07T16:45:12.200Z",
        "user": 1,
        "content_type": 14,
        "object_id": "14",
        "object_repr": "Sweater",
        "action_flag": 2,
        "change_message": "[{\"changed\": {\"fields\": [\"Image\"]}}]"
    }
}, {
    "model": "admin.logentry",
    "pk": 89,
    "fields": {
        "action_time": "2021-10-07T16:45:33.415Z",
        "user": 1,
        "content_type": 14,
        "object_id": "28",
        "object_repr": "Top",
        "action_flag": 2,
        "change_message": "[{\"changed\": {\"fields\": [\"Image\"]}}]"
    }
}, {
    "model": "admin.logentry",
    "pk": 90,
    "fields": {
        "action_time": "2021-10-07T16:46:36.219Z",
        "user": 1,
        "content_type": 14,
        "object_id": "13",
        "object_repr": "Coat",
        "action_flag": 2,
        "change_message": "[{\"changed\": {\"fields\": [\"Review\", \"Image\"]}}]"
    }
}, {
    "model": "admin.logentry",
    "pk": 91,
    "fields": {
        "action_time": "2021-10-07T16:46:51.687Z",
        "user": 1,
        "content_type": 14,
        "object_id": "11",
        "object_repr": "Vest",
        "action_flag": 2,
        "change_message": "[{\"changed\": {\"fields\": [\"Image\"]}}]"
    }
}, {
    "model": "admin.logentry",
    "pk": 92,
    "fields": {
        "action_time": "2021-10-07T17:08:49.932Z",
        "user": 1,
        "content_type": 14,
        "object_id": "16",
        "object_repr": "Pants",
        "action_flag": 2,
        "change_message": "[{\"changed\": {\"fields\": [\"Image\"]}}]"
    }
}, {
    "model": "admin.logentry",
    "pk": 93,
    "fields": {
        "action_time": "2021-10-07T17:09:14.247Z",
        "user": 1,
        "content_type": 14,
        "object_id": "29",
        "object_repr": "Outfit; tanktop with shorts",
        "action_flag": 2,
        "change_message": "[{\"changed\": {\"fields\": [\"Image\"]}}]"
    }
}, {
    "model": "admin.logentry",
    "pk": 94,
    "fields": {
        "action_time": "2021-10-07T17:09:33.428Z",
        "user": 1,
        "content_type": 14,
        "object_id": "23",
        "object_repr": "Outfit; t-shirt with jeans",
        "action_flag": 2,
        "change_message": "[{\"changed\": {\"fields\": [\"Image\"]}}]"
    }
}, {
    "model": "admin.logentry",
    "pk": 95,
    "fields": {
        "action_time": "2021-10-07T17:10:11.071Z",
        "user": 1,
        "content_type": 14,
        "object_id": "24",
        "object_repr": "Vest",
        "action_flag": 2,
        "change_message": "[{\"changed\": {\"fields\": [\"Image\"]}}]"
    }
}, {
    "model": "admin.logentry",
    "pk": 96,
    "fields": {
        "action_time": "2021-10-07T17:10:22.538Z",
        "user": 1,
        "content_type": 14,
        "object_id": "27",
        "object_repr": "Hoody",
        "action_flag": 2,
        "change_message": "[{\"changed\": {\"fields\": [\"Image\"]}}]"
    }
}, {
    "model": "admin.logentry",
    "pk": 97,
    "fields": {
        "action_time": "2021-10-09T23:28:56.347Z",
        "user": 1,
        "content_type": 16,
        "object_id": "1",
        "object_repr": "95316AABC5DC4A16AFA61DD201F94A12",
        "action_flag": 3,
        "change_message": ""
    }
}, {
    "model": "admin.logentry",
    "pk": 98,
    "fields": {
        "action_time": "2021-10-09T23:34:54.425Z",
        "user": 1,
        "content_type": 16,
        "object_id": "2",
        "object_repr": "7B3118B8EDEF48FCB0C42F46800002F9",
        "action_flag": 2,
        "change_message": "[{\"changed\": {\"name\": \"order line item\", \"object\": \"SKU one/68/grey on order 7B3118B8EDEF48FCB0C42F46800002F9\", \"fields\": [\"Product size\"]}}, {\"changed\": {\"name\": \"order line item\", \"object\": \"SKU top/80/hoopurp on order 7B3118B8EDEF48FCB0C42F46800002F9\", \"fields\": [\"Product size\"]}}, {\"deleted\": {\"name\": \"order line item\", \"object\": \"SKU one/62/white on order 7B3118B8EDEF48FCB0C42F46800002F9\"}}, {\"deleted\": {\"name\": \"order line item\", \"object\": \"SKU dres/74/whidres on order 7B3118B8EDEF48FCB0C42F46800002F9\"}}, {\"deleted\": {\"name\": \"order line item\", \"object\": \"SKU top/80/yellow on order 7B3118B8EDEF48FCB0C42F46800002F9\"}}]"
    }
}, {
    "model": "admin.logentry",
    "pk": 99,
    "fields": {
        "action_time": "2021-10-09T23:36:30.586Z",
        "user": 1,
        "content_type": 16,
        "object_id": "2",
        "object_repr": "7B3118B8EDEF48FCB0C42F46800002F9",
        "action_flag": 2,
        "change_message": "[{\"changed\": {\"name\": \"order line item\", \"object\": \"SKU one/68/grey on order 7B3118B8EDEF48FCB0C42F46800002F9\", \"fields\": [\"Quantity\"]}}]"
    }
}, {
    "model": "admin.logentry",
    "pk": 100,
    "fields": {
        "action_time": "2021-10-09T23:37:19.360Z",
        "user": 1,
        "content_type": 16,
        "object_id": "2",
        "object_repr": "7B3118B8EDEF48FCB0C42F46800002F9",
        "action_flag": 2,
        "change_message": "[{\"deleted\": {\"name\": \"order line item\", \"object\": \"SKU one/68/grey on order 7B3118B8EDEF48FCB0C42F46800002F9\"}}, {\"deleted\": {\"name\": \"order line item\", \"object\": \"SKU top/80/hoopurp on order 7B3118B8EDEF48FCB0C42F46800002F9\"}}]"
    }
}, {
    "model": "admin.logentry",
    "pk": 101,
    "fields": {
        "action_time": "2021-10-09T23:37:47.290Z",
        "user": 1,
        "content_type": 16,
        "object_id": "2",
        "object_repr": "7B3118B8EDEF48FCB0C42F46800002F9",
        "action_flag": 2,
        "change_message": "[{\"deleted\": {\"name\": \"order line item\", \"object\": \"SKU new/68/yelwhite on order 7B3118B8EDEF48FCB0C42F46800002F9\"}}]"
    }
}, {
    "model": "admin.logentry",
    "pk": 102,
    "fields": {
        "action_time": "2021-10-09T23:38:08.088Z",
        "user": 1,
        "content_type": 16,
        "object_id": "2",
        "object_repr": "7B3118B8EDEF48FCB0C42F46800002F9",
        "action_flag": 3,
        "change_message": ""
    }
}, {
    "model": "admin.logentry",
    "pk": 103,
    "fields": {
        "action_time": "2021-10-10T00:48:51.460Z",
        "user": 1,
        "content_type": 16,
        "object_id": "5",
        "object_repr": "EEBDBABBB64C4DCBA7E51F8859C860F3",
        "action_flag": 3,
        "change_message": ""
    }
}, {
    "model": "admin.logentry",
    "pk": 104,
    "fields": {
        "action_time": "2021-10-10T00:48:51.493Z",
        "user": 1,
        "content_type": 16,
        "object_id": "4",
        "object_repr": "BA99A09AFFD24320AC842DC145F50D7B",
        "action_flag": 3,
        "change_message": ""
    }
}, {
    "model": "admin.logentry",
    "pk": 105,
    "fields": {
        "action_time": "2021-10-10T00:48:51.525Z",
        "user": 1,
        "content_type": 16,
        "object_id": "3",
        "object_repr": "E2F3832972BA4459A2E31EAF76A51E7B",
        "action_flag": 3,
        "change_message": ""
    }
}, {
    "model": "admin.logentry",
    "pk": 106,
    "fields": {
        "action_time": "2021-10-11T00:58:18.682Z",
        "user": 1,
        "content_type": 14,
        "object_id": "32",
        "object_repr": "test222",
        "action_flag": 3,
        "change_message": ""
    }
}, {
    "model": "admin.logentry",
    "pk": 107,
    "fields": {
        "action_time": "2021-10-11T00:58:42.873Z",
        "user": 1,
        "content_type": 14,
        "object_id": "31",
        "object_repr": "test",
        "action_flag": 3,
        "change_message": ""
    }
}, {
    "model": "auth.user",
    "pk": 1,
    "fields": {
        "password": "pbkdf2_sha256$260000$5Vq14IGPkU8ZIR4DEzUFIy$vBuojTQv3pCd7Wzf5Gf5bliiB9Pnq6fvTLinQ7FYwdI=",
        "last_login": "2021-10-11T11:58:53.232Z",
        "is_superuser": true,
        "username": "babyadmin4",
        "first_name": "",
        "last_name": "",
        "email": "mgmoesker@gmail.com",
        "is_staff": true,
        "is_active": true,
        "date_joined": "2021-09-30T19:46:11.773Z",
        "groups": [],
        "user_permissions": []
    }
}, {
    "model": "auth.user",
    "pk": 2,
    "fields": {
        "password": "pbkdf2_sha256$260000$cYOpXcaNyVqmqCxJq3fZR0$TnRXFJ7li7uVQTmWGDleClrgv6IqlUZCW75/MxuYW8w=",
        "last_login": "2021-10-10T22:51:02.637Z",
        "is_superuser": false,
        "username": "Testing",
        "first_name": "",
        "last_name": "",
        "email": "mgmoesker@hotmail.com",
        "is_staff": false,
        "is_active": true,
        "date_joined": "2021-10-10T18:48:02.684Z",
        "groups": [],
        "user_permissions": []
    }
}, {
    "model": "auth.user",
    "pk": 3,
    "fields": {
        "password": "pbkdf2_sha256$260000$V4xj9pOai76XFhYzfroxtj$Pt1dLvN3ruclnQ15ckScFOjr/0zvoe1BalE1tsry+FA=",
        "last_login": "2021-10-10T21:21:08.822Z",
        "is_superuser": false,
        "username": "testingtest",
        "first_name": "",
        "last_name": "",
        "email": "test@test.com",
        "is_staff": false,
        "is_active": true,
        "date_joined": "2021-10-10T21:20:44.228Z",
        "groups": [],
        "user_permissions": []
    }
}, {
    "model": "sessions.session",
    "pk": "42651ok3f7qfj193fsza91syexqxt3lg",
    "fields": {
        "session_data": "e30:1mZg1q:_zOspKylEaPdKLfni9BWUB1CX2ofoJMJNYt0zde4BI8",
        "expire_date": "2021-10-24T21:06:42.586Z"
    }
}, {
    "model": "sessions.session",
    "pk": "7i4p006kgeieyq9vwvb904ptum3il31q",
    "fields": {
        "session_data": "e30:1mZg3o:GMWVXFI0et2MUnOsVS-x19JWJ1Gyi5dGgxdRY1NS3Sg",
        "expire_date": "2021-10-24T21:08:44.587Z"
    }
}, {
    "model": "sessions.session",
    "pk": "81r1ohrd2vmzvcxwfdybr3ps872291sn",
    "fields": {
        "session_data": "e30:1mZdpa:nk5y-6Sr4mtMn48T_hE73BltYxfzApw0lJ2XShy9rVs",
        "expire_date": "2021-10-24T18:45:54.415Z"
    }
}, {
    "model": "sessions.session",
    "pk": "9k6xep4wct7rd5ytn9vlux1l6f8huohr",
    "fields": {
        "session_data": "eyJiYXNrZXQiOnsiNiI6eyJpdGVtc19ieV9zaXplIjp7IjZtIjoxfX19fQ:1mZg0z:yrN4bG4NZF5dFrdkKg11_hpAMLIQy0UaRxnt8S1AqnE",
        "expire_date": "2021-10-24T21:05:49.760Z"
    }
}, {
    "model": "sessions.session",
    "pk": "elodn6quv54lcxbzkbslgk9oklstsrh0",
    "fields": {
        "session_data": ".eJxtjctuhDAMRX-Feo0Qj0CBXfsF3Q-jyCROyQyPCgep0xH_3mTKZqRuLPmc6-s79MhXctDeIa_DtI4mlv1Nsv2hB56gzfY9hqL411d_3gckbm6QG9MqrYYWMnhiPaorzUHgOAacoFLLNrvkkTk0J29-o9lZhc4u8_tx9VQ1IA--h0qhUWeIxhhSRtSG0KimqhvM64LSsnw1OelKmKwQSislmj6oJqWsSisRSpmY_RtJ3192vUGbejZ5hp_E_sXp1IGUF_aJg3YQR2kc5WUcdfCxLnpTLtI0kiP90sH5DPsv1l5ybg:1mZu2q:n_seZSKXRPSgmfMmu6TF_uwVNBZTj2JyVuZjcVrmvWY",
        "expire_date": "2021-10-25T12:04:40.257Z"
    }
}, {
    "model": "sessions.session",
    "pk": "xd37x2hayg99a8jdbj1fx3hybjmfj78s",
    "fields": {
        "session_data": ".eJxVjUEOwiAQRe_C2jTQUizd6UXIdJhJiQ01BRKN8e4W04Uu_38z77-Eg5JnVxJtLngxCiVOv90EeKNYASxLrRtAXEvMzffmwKm57IliDgg5rPF6fP2pZkjz7qFee_AKgJkJWQ9MwGjNYKEdOpJ9f-aWvNGsOo0eUdupIitJGWl0lSZKaZ9x9LiH7SlG-f4AH-VEtQ:1mWGpv:paVJoBqMHLxkvq0cqdxNUqxdK7mdJCihdAkWFlG8pNI",
        "expire_date": "2021-10-15T11:36:19.985Z"
    }
}, {
    "model": "sessions.session",
    "pk": "xo8v55qr7rfl8eccj058chs269ua8qs9",
    "fields": {
        "session_data": "e30:1mZdqg:dZd9POVBW_grgOip0kYVKP4Cmz2Th9uuLbch5E61yno",
        "expire_date": "2021-10-24T18:47:02.206Z"
    }
}, {
    "model": "sessions.session",
    "pk": "xyxy3bpmegw371elv4bzqup1e4281e8l",
    "fields": {
        "session_data": ".eJxVjsFugzAMhl8l8jlCBAIDbtsr7FiqyDjOoGVQkWRaVfXdFyYO29Hf7_-zH2AwhtFEz5uZLHSgQP5lA9KVlz3Aed5xhkRrXEL2u3PEPntNEy9hIgzTurwdrX-qEf2YPFxpi1YhOueYnG4co6O2blosmpLzqnpxBdtaO1VqskS6HfaozVnVea13qWfv0xnD37dpu0OXS_D4xWZa3Apd2CJLGNBfOUD3gFJBp56p9plq-ME-fXE69WDMxSfJQXuQIpeiqKTo4T0SJeziPN-F5ZkDW6HEbVttpJD1cD7D8wfpEWro:1mZjeM:KwkPP84acAlwq0G8n9wmze0GoWn99B7tPvyxC0wKEtw",
        "expire_date": "2021-10-25T00:58:42.924Z"
    }
}, {
    "model": "sites.site",
    "pk": 1,
    "fields": {
        "domain": "baby.example.com",
        "name": "Baby"
    }
}, {
    "model": "account.emailaddress",
    "pk": 1,
    "fields": {
        "user": 1,
        "email": "mgmoesker@gmail.com",
        "verified": true,
        "primary": true
    }
}, {
    "model": "account.emailaddress",
    "pk": 2,
    "fields": {
        "user": 2,
        "email": "mgmoesker@hotmail.com",
        "verified": true,
        "primary": true
    }
}, {
    "model": "account.emailaddress",
    "pk": 3,
    "fields": {
        "user": 3,
        "email": "test@test.com",
        "verified": true,
        "primary": true
    }
}, {
    "model": "products.category",
    "pk": 1,
    "fields": {
        "name": "sale",
        "friendly_name": "Sale"
    }
}, {
    "model": "products.category",
    "pk": 2,
    "fields": {
        "name": "new_arrivals",
        "friendly_name": "New Arrivals"
    }
}, {
    "model": "products.category",
    "pk": 3,
    "fields": {
        "name": "onesies",
        "friendly_name": "Onesies"
    }
}, {
    "model": "products.category",
    "pk": 4,
    "fields": {
        "name": "tops",
        "friendly_name": "Tops"
    }
}, {
    "model": "products.category",
    "pk": 5,
    "fields": {
        "name": "bottoms",
        "friendly_name": "Bottoms"
    }
}, {
    "model": "products.category",
    "pk": 6,
    "fields": {
        "name": "outfits",
        "friendly_name": "Outfits"
    }
}, {
    "model": "products.category",
    "pk": 7,
    "fields": {
        "name": "dresses",
        "friendly_name": "Dresses"
    }
}, {
    "model": "products.product",
    "pk": 1,
    "fields": {
        "category": 1,
        "sku": "one/50/lblue",
        "name": "Onesie",
        "description": "This onesie is for sleeping. Made out of 95% organic cotton and 5% elastane.",
        "has_sizes": true,
        "price": "9.99",
        "rating": "4.00",
        "review": "A very soft onesie for my baby to sleep in.",
        "image_url": "",
        "image": "0noimage_yfpnGhm.png"
    }
}, {
    "model": "products.product",
    "pk": 3,
    "fields": {
        "category": 7,
        "sku": "dres/58/colmix",
        "name": "Dress",
        "description": "Colourful  dress for the summer. 100% Linen.",
        "has_sizes": true,
        "price": "8.95",
        "rating": "3.00",
        "review": "Nice fabric for the summer, but wrinkles fast.",
        "image_url": "",
        "image": "0noimage_GAVt7Gy.png"
    }
}, {
    "model": "products.product",
    "pk": 5,
    "fields": {
        "category": 3,
        "sku": "one/62/white",
        "name": "Onesie",
        "description": "White onesie for sleeping. 100% bamboo cotton.",
        "has_sizes": true,
        "price": "11.99",
        "rating": "4.00",
        "review": "Quality fabric for a good price.",
        "image_url": "",
        "image": "alex-bodini-i6NwKZ4jhHs-unsplash.png"
    }
}, {
    "model": "products.product",
    "pk": 6,
    "fields": {
        "category": 6,
        "sku": "out/62/gregrey",
        "name": "Outfit; onesie with pants",
        "description": "Green, short sleeve onesie with grey jogging pants.",
        "has_sizes": true,
        "price": "19.95",
        "rating": "5.00",
        "review": "Great for spring/summer, when it get's warmer you can take of the pants and vice versa.",
        "image_url": "",
        "image": "alex-bodini-6MrIa5wfABA-unsplash.png"
    }
}, {
    "model": "products.product",
    "pk": 7,
    "fields": {
        "category": 6,
        "sku": "out/74/redgre",
        "name": "Outfit; t-shirt with jeans",
        "description": "Red t-shirt with text saying happy human. 80% organic cotton and 20% elastane. Together with green jeans make it a colourful outfit.",
        "has_sizes": true,
        "price": "21.50",
        "rating": "5.00",
        "review": "Very happy outfit!",
        "image_url": "",
        "image": "alyssa-stevenson-Gk-VRYgAghE-unsplash.png"
    }
}, {
    "model": "products.product",
    "pk": 9,
    "fields": {
        "category": 6,
        "sku": "out/86/pyjblwh",
        "name": "Outfit; pyjama panda",
        "description": "Pyjama or outfit for home. Grey sweater with long sleeves portraying a panda bear. Together with the striped, white with black stripes, pants makes this a set. Sweater and pants both 95% organic cotton and 5% elastane.",
        "has_sizes": true,
        "price": "14.95",
        "rating": null,
        "review": "Cute little homewear.",
        "image_url": "",
        "image": "alyssa-stevenson-slpibXIhizI-unsplash_L3HBJ0W.png"
    }
}, {
    "model": "products.product",
    "pk": 10,
    "fields": {
        "category": 3,
        "sku": "one/68/grey",
        "name": "Onesie",
        "description": "Grey hooded onsie for the winter. 100% polyester.",
        "has_sizes": true,
        "price": "16.50",
        "rating": null,
        "review": "Very warm.",
        "image_url": "",
        "image": "brytny-com-C4rXIFSzEXk-unsplash.png"
    }
}, {
    "model": "products.product",
    "pk": 11,
    "fields": {
        "category": 4,
        "sku": "top/86/beigecol",
        "name": "Vest",
        "description": "Beige vest with zipper and decorated with coloured 3D balls. 90% wool and 10% merino wool.",
        "has_sizes": true,
        "price": "14.50",
        "rating": "1.00",
        "review": "Unfortunately, the balls are torn off quite easily by my child.",
        "image_url": "",
        "image": "colin-maynard-LDdaQ7JVnik-unsplash.png"
    }
}, {
    "model": "products.product",
    "pk": 13,
    "fields": {
        "category": 4,
        "sku": "top/80/yellow",
        "name": "Coat",
        "description": "Hooded, yellow jackets. Great for spring and/or autumn. 100% polyester.",
        "has_sizes": true,
        "price": "24.95",
        "rating": null,
        "review": "Practical coat. The length is nice for when it is raining or when it gets colder.",
        "image_url": "",
        "image": "daiga-ellaby-JZ51o_-UOY8-unsplash.png"
    }
}, {
    "model": "products.product",
    "pk": 14,
    "fields": {
        "category": 4,
        "sku": "top/60/lblue",
        "name": "Sweater",
        "description": "Hooded sweater in lightblue with 3D ears. For summer evenings when it gets a bit colder. 100% Polyacryl.",
        "has_sizes": true,
        "price": "14.95",
        "rating": null,
        "review": "A bit wider than we thought.",
        "image_url": "",
        "image": "guillaume-de-germain-fgmLRBlUIpc-unsplash.png"
    }
}, {
    "model": "products.product",
    "pk": 15,
    "fields": {
        "category": 2,
        "sku": "new/50/lblue",
        "name": "Pyjama",
        "description": "2-piece set lightblue pyjama for the little ones. New arrival for new arrivals. 50% organic cotton and 50% bamboo cotton.",
        "has_sizes": true,
        "price": "11.50",
        "rating": null,
        "review": "No review yet.",
        "image_url": "",
        "image": "hessam-nabavi-ULU4auyoHkU-unsplash.png"
    }
}, {
    "model": "products.product",
    "pk": 16,
    "fields": {
        "category": 5,
        "sku": "bot/74/pink",
        "name": "Pants",
        "description": "Corduroy pink pants. Great for spring or a colder day in the summer.  83% cotton and 17% spandex.",
        "has_sizes": true,
        "price": "14.95",
        "rating": null,
        "review": "Beautiful soft colour. Great pants for when we all go out for dinner.",
        "image_url": "",
        "image": "kendra-wesley-VX08HByW6gE-unsplash.png"
    }
}, {
    "model": "products.product",
    "pk": 17,
    "fields": {
        "category": 1,
        "sku": "sal/50/lpink",
        "name": "Onesie",
        "description": "Onesie with long sleeves, lightpink with elephant. 95% cotton and 5% elastane.",
        "has_sizes": true,
        "price": "9.95",
        "rating": "2.00",
        "review": "Parts, like the tulip, are dangerous when pulled off.",
        "image_url": "",
        "image": "jelleke-vanooteghem-bNUGJD3gO94-unsplash_UOu2sP6.png"
    }
}, {
    "model": "products.product",
    "pk": 18,
    "fields": {
        "category": 7,
        "sku": "dres/84/white",
        "name": "Dress",
        "description": "White dress for in the summer on the beach.",
        "has_sizes": true,
        "price": "17.95",
        "rating": "4.00",
        "review": "Cute dress for the summer.",
        "image_url": "",
        "image": "jordan-christian-uZfwTsrXZjw-unsplash.png"
    }
}, {
    "model": "products.product",
    "pk": 19,
    "fields": {
        "category": 1,
        "sku": "sal/68/light",
        "name": "Onesie",
        "description": "Shortsleeve onesie with the text \"One of a kind\". 100% cotton.",
        "has_sizes": true,
        "price": "8.95",
        "rating": null,
        "review": "No review",
        "image_url": "",
        "image": "juan-encalada-2BalskDOoLg-unsplash.png"
    }
}, {
    "model": "products.product",
    "pk": 20,
    "fields": {
        "category": 2,
        "sku": "new/68/yelwhite",
        "name": "Onesie",
        "description": "Longsleeve onesie. Yellow with white hearts.",
        "has_sizes": true,
        "price": "12.50",
        "rating": null,
        "review": "No review yet.",
        "image_url": "",
        "image": "juan-encalada-Uvlir2v-dXE-unsplash.png"
    }
}, {
    "model": "products.product",
    "pk": 21,
    "fields": {
        "category": 2,
        "sku": "new/50/spink",
        "name": "Onesie",
        "description": "Longsleeve onesie, soft pink. 100% merino wool.",
        "has_sizes": true,
        "price": "13.50",
        "rating": null,
        "review": "No review yet.",
        "image_url": "",
        "image": "kin-li-N1wX5BJkzlU-unsplash.png"
    }
}, {
    "model": "products.product",
    "pk": 22,
    "fields": {
        "category": 2,
        "sku": "new/76/lshipant",
        "name": "Outfit; shirt with pants",
        "description": "Longsleeved, white with sand brown striped, shirt. 100% organic cotton. Together with this kaki brown corduroy pants a beautiful set.",
        "has_sizes": true,
        "price": "24.95",
        "rating": null,
        "review": "No review yet.",
        "image_url": "",
        "image": "luke-michael-EOwsjoz6MCk-unsplash.png"
    }
}, {
    "model": "products.product",
    "pk": 23,
    "fields": {
        "category": 6,
        "sku": "out/74/tshijean",
        "name": "Outfit; t-shirt with jeans",
        "description": "T-shirt coloured red, white, orange. 100% cotton. The blue jeans are a more thin for the summer. 90% denim and 10% elastane.",
        "has_sizes": true,
        "price": "25.50",
        "rating": "4.00",
        "review": "Pants are practical, you can make it a short jeans easily.",
        "image_url": "",
        "image": "max-goncharov-iN6FWLaWqKs-unsplash.png"
    }
}, {
    "model": "products.product",
    "pk": 24,
    "fields": {
        "category": 1,
        "sku": "sal/50/vest",
        "name": "Vest",
        "description": "Off-white warm vest with zipper and hoody with ears. 100% alpaca wool.",
        "has_sizes": true,
        "price": "14.50",
        "rating": "3.00",
        "review": "Warm, cute vest. Zipper is not working smoothly.",
        "image_url": "",
        "image": "nathan-dumlao-wQDysNUCKfw-unsplash.png"
    }
}, {
    "model": "products.product",
    "pk": 25,
    "fields": {
        "category": 1,
        "sku": "sal/74/sweat",
        "name": "Sweater",
        "description": "Longsleeved, thin sweater full with colourful small flowers.",
        "has_sizes": true,
        "price": "12.95",
        "rating": "3.00",
        "review": "No review available",
        "image_url": "",
        "image": "priscilla-du-preez-3CTufp-cpzo-unsplash.png"
    }
}, {
    "model": "products.product",
    "pk": 26,
    "fields": {
        "category": 7,
        "sku": "dres/74/whidres",
        "name": "Dress",
        "description": "White dress for the summer. 100% cotton.",
        "has_sizes": true,
        "price": "14.95",
        "rating": "3.00",
        "review": "A bit too wide at the bottom.",
        "image_url": "",
        "image": "senjuti-kundu-GCI8dqi4uWM-unsplash.png"
    }
}, {
    "model": "products.product",
    "pk": 27,
    "fields": {
        "category": 4,
        "sku": "top/80/hoopurp",
        "name": "Hoody",
        "description": "Purple blue sweater with hoody.",
        "has_sizes": true,
        "price": "12.95",
        "rating": "4.00",
        "review": "Easy to put over anything.",
        "image_url": "",
        "image": "sharon-mccutcheon-KUK-Z5aHjbg-unsplash.png"
    }
}, {
    "model": "products.product",
    "pk": 28,
    "fields": {
        "category": 4,
        "sku": "top/74/whigrey",
        "name": "Top",
        "description": "Longsleeve, wide, white top with grey leaves. Great for the summer. 100% organic cotton.",
        "has_sizes": true,
        "price": "12.95",
        "rating": "4.00",
        "review": "Airy top",
        "image_url": "",
        "image": "vanessa-serpas-e6lWMBIgNso-unsplash.png"
    }
}, {
    "model": "products.product",
    "pk": 29,
    "fields": {
        "category": 2,
        "sku": "new/74/whiblyel",
        "name": "Outfit; tanktop with shorts",
        "description": "White with blue stripes short with matching tanktop. 100% organic cotton.",
        "has_sizes": true,
        "price": "17.95",
        "rating": null,
        "review": "No review yet.",
        "image_url": "",
        "image": "thiago-cerqueira-Wr3HGvx_RSM-unsplash.png"
    }
}, {
    "model": "products.product",
    "pk": 30,
    "fields": {
        "category": 4,
        "sku": "top/84/yelwhite",
        "name": "T-shirt",
        "description": "White with yellow striped t-shirt. 100% cotton.",
        "has_sizes": true,
        "price": "8.99",
        "rating": "3.00",
        "review": "Simple t-shirt.",
        "image_url": "",
        "image": "rsz_1alexander-dummer-x4jrmkudimo-unsplash.png"
    }
}, {
    "model": "checkout.order",
    "pk": 6,
    "fields": {
        "order_number": "A23BE913FC814BD2B113A281662C04E0",
        "user_profile": null,
        "full_name": "test",
        "email": "test@test.com",
        "phone_number": "12345",
        "country": "NL",
        "postcode": "",
        "town_or_city": "grog",
        "street_address1": "lania",
        "street_address2": "",
        "county": "",
        "date": "2021-10-10T01:56:43.262Z",
        "delivery_cost": "2.54",
        "order_total": "25.45",
        "grand_total": "28.00",
        "original_basket": "",
        "stripe_pid": ""
    }
}, {
    "model": "checkout.order",
    "pk": 7,
    "fields": {
        "order_number": "E9DC86433ED2414BA7F23F5C8802A8AB",
        "user_profile": null,
        "full_name": "wert",
        "email": "test@test.com",
        "phone_number": "12345",
        "country": "GB",
        "postcode": "",
        "town_or_city": "werg",
        "street_address1": "linea",
        "street_address2": "",
        "county": "",
        "date": "2021-10-10T02:37:25.860Z",
        "delivery_cost": "3.80",
        "order_total": "38.00",
        "grand_total": "41.80",
        "original_basket": "{\"10\": {\"items_by_size\": {\"6m\": 1}}, \"7\": {\"items_by_size\": {\"18m\": 1}}}",
        "stripe_pid": "pi_3JiruJLnyR6DXdiZ1kprpU33"
    }
}, {
    "model": "checkout.order",
    "pk": 8,
    "fields": {
        "order_number": "76961B8A0CB347B2BAD604AFD0C26BDB",
        "user_profile": 1,
        "full_name": "faly",
        "email": "ert@get.com",
        "phone_number": "1234",
        "country": "BB",
        "postcode": "",
        "town_or_city": "graog",
        "street_address1": "linea",
        "street_address2": "",
        "county": "",
        "date": "2021-10-10T22:36:38.431Z",
        "delivery_cost": "1.45",
        "order_total": "14.50",
        "grand_total": "15.95",
        "original_basket": "{\"24\": {\"items_by_size\": {\"6m\": 1}}}",
        "stripe_pid": "pi_3JjAcHLnyR6DXdiZ0kQPnnsm"
    }
}, {
    "model": "checkout.order",
    "pk": 9,
    "fields": {
        "order_number": "E00C6BEE8A2D467C9AC385F520341084",
        "user_profile": 2,
        "full_name": "Polka",
        "email": "mgmoesker@gmail.com",
        "phone_number": "12345",
        "country": "AU",
        "postcode": "",
        "town_or_city": "Spinea",
        "street_address1": "Latere",
        "street_address2": "",
        "county": "",
        "date": "2021-10-10T23:00:28.792Z",
        "delivery_cost": "1.25",
        "order_total": "12.50",
        "grand_total": "13.75",
        "original_basket": "{\"20\": {\"items_by_size\": {\"1m\": 1}}}",
        "stripe_pid": "pi_3JjAw7LnyR6DXdiZ0lZhs45V"
    }
}, {
    "model": "checkout.order",
    "pk": 10,
    "fields": {
        "order_number": "24A09173205F496D974DC1ED408045B4",
        "user_profile": 2,
        "full_name": "mario",
        "email": "mgmoesker@gmail.com",
        "phone_number": "12345",
        "country": "CA",
        "postcode": "",
        "town_or_city": "Spinea",
        "street_address1": "Latere",
        "street_address2": "",
        "county": "",
        "date": "2021-10-10T23:33:50.897Z",
        "delivery_cost": "1.65",
        "order_total": "16.50",
        "grand_total": "18.15",
        "original_basket": "{\"10\": {\"items_by_size\": {\"24m\": 1}}}",
        "stripe_pid": "pi_3JjBVrLnyR6DXdiZ0OIZ3TWr"
    }
}, {
    "model": "checkout.order",
    "pk": 11,
    "fields": {
        "order_number": "617762A6FE6641A4A6E4D3E9DA32BC70",
        "user_profile": 2,
        "full_name": "kaartje",
        "email": "mgmoesker@gmail.com",
        "phone_number": "12345",
        "country": "CA",
        "postcode": "",
        "town_or_city": "Spinea",
        "street_address1": "Latere",
        "street_address2": "",
        "county": "",
        "date": "2021-10-10T23:57:39.830Z",
        "delivery_cost": "2.50",
        "order_total": "24.95",
        "grand_total": "27.44",
        "original_basket": "{\"22\": {\"items_by_size\": {\"18m\": 1}}}",
        "stripe_pid": "pi_3JjBtHLnyR6DXdiZ1C6wVkJo"
    }
}, {
    "model": "checkout.orderlineitem",
    "pk": 13,
    "fields": {
        "order": 6,
        "product": 25,
        "product_size": "18m",
        "quantity": 1,
        "lineitem_total": "12.95"
    }
}, {
    "model": "checkout.orderlineitem",
    "pk": 14,
    "fields": {
        "order": 6,
        "product": 20,
        "product_size": "12m",
        "quantity": 1,
        "lineitem_total": "12.50"
    }
}, {
    "model": "checkout.orderlineitem",
    "pk": 15,
    "fields": {
        "order": 7,
        "product": 10,
        "product_size": "6m",
        "quantity": 1,
        "lineitem_total": "16.50"
    }
}, {
    "model": "checkout.orderlineitem",
    "pk": 16,
    "fields": {
        "order": 7,
        "product": 7,
        "product_size": "18m",
        "quantity": 1,
        "lineitem_total": "21.50"
    }
}, {
    "model": "checkout.orderlineitem",
    "pk": 17,
    "fields": {
        "order": 8,
        "product": 24,
        "product_size": "6m",
        "quantity": 1,
        "lineitem_total": "14.50"
    }
}, {
    "model": "checkout.orderlineitem",
    "pk": 18,
    "fields": {
        "order": 9,
        "product": 20,
        "product_size": "1m",
        "quantity": 1,
        "lineitem_total": "12.50"
    }
}, {
    "model": "checkout.orderlineitem",
    "pk": 19,
    "fields": {
        "order": 10,
        "product": 10,
        "product_size": "24m",
        "quantity": 1,
        "lineitem_total": "16.50"
    }
}, {
    "model": "checkout.orderlineitem",
    "pk": 20,
    "fields": {
        "order": 11,
        "product": 22,
        "product_size": "18m",
        "quantity": 1,
        "lineitem_total": "24.95"
    }
}, {
    "model": "profiles.userprofile",
    "pk": 1,
    "fields": {
        "user": 2,
        "default_phone_number": "12345",
        "default_street_address1": "linea",
        "default_street_address2": null,
        "default_town_or_city": "graog",
        "default_county": "brede",
        "default_postcode": null,
        "default_country": "AR"
    }
}, {
    "model": "profiles.userprofile",
    "pk": 2,
    "fields": {
        "user": 1,
        "default_phone_number": "12345",
        "default_street_address1": "Latere",
        "default_street_address2": "",
        "default_town_or_city": "Spinea",
        "default_county": "",
        "default_postcode": "",
        "default_country": "CA"
    }
}, {
    "model": "profiles.userprofile",
    "pk": 3,
    "fields": {
        "user": 3,
        "default_phone_number": null,
        "default_street_address1": null,
        "default_street_address2": null,
        "default_town_or_city": null,
        "default_county": null,
        "default_postcode": null,
        "default_country": null
    }
}]